{
  "status": "ok",
  "data_version": 6,
  "protocol": "shared certified instances; independent initialization and training-order seeds; Wilson CIs within run cover instance variance",
  "config": {
    "data": "aux_required",
    "exclude_family": [
      "shared"
    ],
    "n_train": 1000,
    "n_val": 300,
    "n_test": 900,
    "epochs": 110,
    "batch_size": 32,
    "K": 4,
    "D": 128,
    "L": 4,
    "lr": 0.0008,
    "data_seed": 20260722,
    "train_seeds": "11,29,47",
    "device": "cpu",
    "out": "results/p_repair/linear_multiseed.json",
    "ckpt_dir": "checkpoints/repair_multiseed_linear"
  },
  "runs": [
    {
      "train_seed": 11,
      "best_validation": {
        "full": 0.5233333333333333,
        "control": 0.33666666666666667
      },
      "full": {
        "k": 387,
        "n": 900,
        "rate": 0.43,
        "ci95": [
          0.39802001189782554,
          0.4625750304193237
        ]
      },
      "control": {
        "k": 271,
        "n": 900,
        "rate": 0.3011111111111111,
        "ci95": [
          0.2720371935370456,
          0.33187570447517245
        ]
      },
      "random": {
        "k": 224,
        "n": 900,
        "rate": 0.24888888888888888,
        "ci95": [
          0.22174795641092143,
          0.27816441761567784
        ]
      },
      "paired": {
        "full_gt_control": {
          "full_only_correct": 260,
          "baseline_only_correct": 144,
          "discordant": 404,
          "p_one_sided_exact": 4.204205018753527e-09
        },
        "full_gt_random": {
          "full_only_correct": 294,
          "baseline_only_correct": 131,
          "discordant": 425,
          "p_one_sided_exact": 8.808904486917817e-16
        }
      },
      "per_family": {
        "aux_required:coupled": {
          "full": {
            "k": 135,
            "n": 300,
            "rate": 0.45,
            "ci95": [
              0.39468890948161645,
              0.506575433518157
            ]
          },
          "control": {
            "k": 84,
            "n": 300,
            "rate": 0.28,
            "ci95": [
              0.23221820291536688,
              0.3333449062836369
            ]
          },
          "random": {
            "k": 78,
            "n": 300,
            "rate": 0.26,
            "ci95": [
              0.2136198134598488,
              0.3124490329390644
            ]
          }
        },
        "aux_required:offset": {
          "full": {
            "k": 132,
            "n": 300,
            "rate": 0.44,
            "ci95": [
              0.3849382095794712,
              0.49657900202025707
            ]
          },
          "control": {
            "k": 86,
            "n": 300,
            "rate": 0.2866666666666667,
            "ci95": [
              0.238445210315098,
              0.3402826531506026
            ]
          },
          "random": {
            "k": 62,
            "n": 300,
            "rate": 0.20666666666666667,
            "ci95": [
              0.16469482669421182,
              0.25605598557112647
            ]
          }
        },
        "aux_required:shared": {
          "full": {
            "k": 120,
            "n": 300,
            "rate": 0.4,
            "ci95": [
              0.3461642362605155,
              0.4563644497390317
            ]
          },
          "control": {
            "k": 101,
            "n": 300,
            "rate": 0.33666666666666667,
            "ci95": [
              0.28555447659565275,
              0.3919090438702742
            ]
          },
          "random": {
            "k": 84,
            "n": 300,
            "rate": 0.28,
            "ci95": [
              0.23221820291536688,
              0.3333449062836369
            ]
          }
        }
      },
      "checkpoint": "checkpoints/repair_multiseed_linear/seed_11.pt",
      "last_history": {
        "epoch": 110,
        "loss": 1.4913031711578368,
        "full_val": 0.4266666666666667,
        "control_val": 0.31
      }
    },
    {
      "train_seed": 29,
      "best_validation": {
        "full": 0.5433333333333333,
        "control": 0.3433333333333333
      },
      "full": {
        "k": 412,
        "n": 900,
        "rate": 0.4577777777777778,
        "ci95": [
          0.4254759990295421,
          0.490438470939532
        ]
      },
      "control": {
        "k": 276,
        "n": 900,
        "rate": 0.30666666666666664,
        "ci95": [
          0.27741541478326415,
          0.33756136875933873
        ]
      },
      "random": {
        "k": 224,
        "n": 900,
        "rate": 0.24888888888888888,
        "ci95": [
          0.22174795641092143,
          0.27816441761567784
        ]
      },
      "paired": {
        "full_gt_control": {
          "full_only_correct": 268,
          "baseline_only_correct": 132,
          "discordant": 400,
          "p_one_sided_exact": 4.700063677569971e-12
        },
        "full_gt_random": {
          "full_only_correct": 308,
          "baseline_only_correct": 120,
          "discordant": 428,
          "p_one_sided_exact": 1.9305984693293528e-20
        }
      },
      "per_family": {
        "aux_required:coupled": {
          "full": {
            "k": 131,
            "n": 300,
            "rate": 0.43666666666666665,
            "ci95": [
              0.38169301003457207,
              0.4932418244318077
            ]
          },
          "control": {
            "k": 87,
            "n": 300,
            "rate": 0.29,
            "ci95": [
              0.2415637129951771,
              0.3437465276038718
            ]
          },
          "random": {
            "k": 78,
            "n": 300,
            "rate": 0.26,
            "ci95": [
              0.2136198134598488,
              0.3124490329390644
            ]
          }
        },
        "aux_required:offset": {
          "full": {
            "k": 144,
            "n": 300,
            "rate": 0.48,
            "ci95": [
              0.4240757908015887,
              0.5364299463983206
            ]
          },
          "control": {
            "k": 86,
            "n": 300,
            "rate": 0.2866666666666667,
            "ci95": [
              0.238445210315098,
              0.3402826531506026
            ]
          },
          "random": {
            "k": 62,
            "n": 300,
            "rate": 0.20666666666666667,
            "ci95": [
              0.16469482669421182,
              0.25605598557112647
            ]
          }
        },
        "aux_required:shared": {
          "full": {
            "k": 137,
            "n": 300,
            "rate": 0.45666666666666667,
            "ci95": [
              0.40120190611211703,
              0.5132271911543533
            ]
          },
          "control": {
            "k": 103,
            "n": 300,
            "rate": 0.3433333333333333,
            "ci95": [
              0.291887036388584,
              0.3987412383440398
            ]
          },
          "random": {
            "k": 84,
            "n": 300,
            "rate": 0.28,
            "ci95": [
              0.23221820291536688,
              0.3333449062836369
            ]
          }
        }
      },
      "checkpoint": "checkpoints/repair_multiseed_linear/seed_29.pt",
      "last_history": {
        "epoch": 110,
        "loss": 1.4371865644454955,
        "full_val": 0.51,
        "control_val": 0.30666666666666664
      }
    },
    {
      "train_seed": 47,
      "best_validation": {
        "full": 0.51,
        "control": 0.3466666666666667
      },
      "full": {
        "k": 424,
        "n": 900,
        "rate": 0.4711111111111111,
        "ci95": [
          0.43869094942904846,
          0.5037768458129495
        ]
      },
      "control": {
        "k": 272,
        "n": 900,
        "rate": 0.3022222222222222,