{
  "status": "ok",
  "data_version": 8,
  "protocol": "shared certified instances; independent initialization and training-order seeds; per-seed eval seed (data_seed + 42 + 1000003*train_seed) so stochastic arms draw independently across runs (issue #103); Wilson CIs within run cover instance variance",
  "config": {
    "data": "aux_required",
    "exclude_family": [
      "shared"
    ],
    "n_train": 1000,
    "n_val": 300,
    "n_test": 900,
    "epochs": 110,
    "batch_size": 32,
    "K": 4,
    "D": 128,
    "L": 4,
    "lr": 0.0008,
    "data_seed": 20260722,
    "train_seeds": "11,29,47",
    "device": "cpu",
    "out": "results/p_repair/linear_multiseed.json",
    "ckpt_dir": "checkpoints/repair_multiseed_lin",
    "jobs": 3
  },
  "runs": [
    {
      "train_seed": 11,
      "eval_seed": 31260797,
      "best_validation": {
        "full": 0.39666666666666667,
        "control": 0.28
      },
      "full": {
        "k": 300,
        "n": 900,
        "rate": 0.3333333333333333,
        "ci95": [
          0.3033006464381993,
          0.3647827876502514
        ]
      },
      "control": {
        "k": 201,
        "n": 900,
        "rate": 0.22333333333333333,
        "ci95": [
          0.19733166170625674,
          0.2516868388805717
        ]
      },
      "random": {
        "k": 225,
        "n": 900,
        "rate": 0.25,
        "ci95": [
          0.22281260668869496,
          0.27931254444398135
        ]
      },
      "paired": {
        "full_gt_control": {
          "full_only_correct": 212,
          "baseline_only_correct": 113,
          "discordant": 325,
          "p_one_sided_exact": 2.1601943381132416e-08
        },
        "full_gt_random": {
          "full_only_correct": 216,
          "baseline_only_correct": 141,
          "discordant": 357,
          "p_one_sided_exact": 4.2506185957164864e-05
        }
      },
      "per_family": {
        "aux_required:coupled": {
          "full": {
            "k": 91,
            "n": 300,
            "rate": 0.30333333333333334,
            "ci95": [
              0.25407027929306525,
              0.35756946983937743
            ]
          },
          "control": {
            "k": 57,
            "n": 300,
            "rate": 0.19,
            "ci95": [
              0.14963418279656143,
              0.23820474380203466
            ]
          },
          "random": {
            "k": 70,
            "n": 300,
            "rate": 0.23333333333333334,
            "ci95": [
              0.18902749123816998,
              0.28438233809395574
            ]
          }
        },
        "aux_required:offset": {
          "full": {
            "k": 111,
            "n": 300,
            "rate": 0.37,
            "ci95": [
              0.3173308011545093,
              0.42595649064490193
            ]
          },
          "control": {
            "k": 72,
            "n": 300,
            "rate": 0.24,
            "ci95": [
              0.1951523988530105,
              0.29142218474581205
            ]
          },
          "random": {
            "k": 74,
            "n": 300,
            "rate": 0.24666666666666667,
            "ci95": [
              0.20129303378573715,
              0.29844630407978223
            ]
          }
        },
        "aux_required:shared": {
          "full": {
            "k": 98,
            "n": 300,
            "rate": 0.32666666666666666,
            "ci95": [
              0.27607755922349825,
              0.38163882984238345
            ]
          },
          "control": {
            "k": 72,
            "n": 300,
            "rate": 0.24,
            "ci95": [
              0.1951523988530105,
              0.29142218474581205
            ]
          },
          "random": {
            "k": 81,
            "n": 300,
            "rate": 0.27,
            "ci95": [
              0.22290322460653214,
              0.32291275319242624
            ]
          }
        }
      },
      "checkpoint": "checkpoints/repair_multiseed_lin/seed_11.pt",
      "last_history": {
        "epoch": 110,
        "loss": 2.0040740280151366,
        "full_val": 0.38666666666666666,
        "control_val": 0.27
      }
    },
    {
      "train_seed": 29,
      "eval_seed": 49260851,
      "best_validation": {
        "full": 0.3933333333333333,
        "control": 0.2866666666666667
      },
      "full": {
        "k": 353,
        "n": 900,
        "rate": 0.39222222222222225,
        "ci95": [
          0.36084615118512275,
          0.42451446952540883
        ]
      },
      "control": {
        "k": 213,
        "n": 900,
        "rate": 0.23666666666666666,
        "ci95": [
          0.21005337916132133,
          0.26551844669843105
        ]
      },
      "random": {
        "k": 221,
        "n": 900,
        "rate": 0.24555555555555555,
        "ci95": [
          0.2185554941468892,
          0.27471854856147915
        ]
      },
      "paired": {
        "full_gt_control": {
          "full_only_correct": 255,
          "baseline_only_correct": 115,
          "discordant": 370,
          "p_one_sided_exact": 1.2945790776857828e-13
        },
        "full_gt_random": {
          "full_only_correct": 261,
          "baseline_only_correct": 129,
          "discordant": 390,
          "p_one_sided_exact": 1.0635015152432699e-11
        }
      },
      "per_family": {
        "aux_required:coupled": {
          "full": {
            "k": 121,
            "n": 300,
            "rate": 0.4033333333333333,
            "ci95": [
              0.34938121291407215,
              0.45972985021882334
            ]
          },
          "control": {
            "k": 64,
            "n": 300,
            "rate": 0.21333333333333335,
            "ci95": [
              0.1707518836854917,
              0.26316368284654346
            ]
          },
          "random": {
            "k": 76,
            "n": 300,
            "rate": 0.25333333333333335,
            "ci95": [
              0.2074489707089529,
              0.3054551214232634
            ]
          }
        },
        "aux_required:offset": {
          "full": {
            "k": 115,
            "n": 300,
            "rate": 0.38333333333333336,
            "ci95": [
              0.33011889302772734,
              0.43949790730507765
            ]
          },
          "control": {
            "k": 78,
            "n": 300,
            "rate": 0.26,
            "ci95": [
              0.2136198134598488,
              0.3124490329390644
            ]
          },
          "random": {
            "k": 76,
            "n": 300,
            "rate": 0.25333333333333335,
            "ci95": [
              0.2074489707089529,
              0.3054551214232634
            ]
          }
        },
        "aux_required:shared": {
          "full": {
            "k": 117,
            "n": 300,
            "rate": 0.39,
            "ci95": [
              0.3365290761052125,
              0.44625247849428934
            ]
          },
          "control": {
            "k": 71,
            "n": 300,
            "rate": 0.23666666666666666,
            "ci95": [
              0.19208795133542217,
              0.28790425513005197
            ]
          },
          "random": {
            "k": 69,
            "n": 300,
            "rate": 0.23,
            "ci95": [
              0.18597107673744184,
              0.28085637546133546
            ]
          }
        }
      },
      "checkpoint": "checkpoints/repair_multiseed_lin/seed_29.pt",
      "last_history": {
        "epoch": 110,
        "loss": 1.6005350847244262,
        "full_val": 0.36333333333333334,
        "control_val": 0.2866666666666667
      }
    },
    {
      "train_seed": 47,
      "eval_seed": 67260905,
      "best_validation": {
        "full": 0.29,
        "control": 0.29
      },
      "full": {
        "k": 204,
        "n": 900,
        "rate": 0.22666666666666666,