{
  "status": "ok",
  "data_version": 8,
  "protocol": "shared certified instances; independent initialization and training-order seeds; per-seed eval seed (data_seed + 42 + 1000003*train_seed) so stochastic arms draw independently across runs (issue #103); Wilson CIs within run cover instance variance",
  "config": {
    "data": "nonlinear",
    "exclude_family": [],
    "n_train": 320,
    "n_val": 120,
    "n_test": 360,
    "epochs": 100,
    "batch_size": 16,
    "K": 4,
    "D": 96,
    "L": 3,
    "lr": 0.0008,
    "data_seed": 20260722,
    "train_seeds": "11,29,47",
    "device": "cpu",
    "out": "results/p_repair/nonlinear_multiseed.json",
    "ckpt_dir": "checkpoints/repair_multiseed_nl",
    "jobs": 3
  },
  "runs": [
    {
      "train_seed": 11,
      "eval_seed": 31260797,
      "best_validation": {
        "full": 0.9833333333333333,
        "control": 0.325
      },
      "full": {
        "k": 351,
        "n": 360,
        "rate": 0.975,
        "ci95": [
          0.9531765633877552,
          0.9867929178370415
        ]
      },
      "control": {
        "k": 121,
        "n": 360,
        "rate": 0.33611111111111114,
        "ci95": [
          0.28927188802073334,
          0.38641115646895674
        ]
      },
      "random": {
        "k": 100,
        "n": 360,
        "rate": 0.2777777777777778,
        "ci95": [
          0.2340403596379504,
          0.32620783628027333
        ]
      },
      "paired": {
        "full_gt_control": {
          "full_only_correct": 231,
          "baseline_only_correct": 1,
          "discordant": 232,
          "p_one_sided_exact": 3.3759571605865984e-68
        },
        "full_gt_random": {
          "full_only_correct": 251,
          "baseline_only_correct": 0,
          "discordant": 251,
          "p_one_sided_exact": 2.7635739376302223e-76
        }
      },
      "per_family": {
        "nonlinear:quad_link": {
          "full": {
            "k": 176,
            "n": 180,
            "rate": 0.9777777777777777,
            "ci95": [
              0.9442628110561309,
              0.991325216898369
            ]
          },
          "control": {
            "k": 64,
            "n": 180,
            "rate": 0.35555555555555557,
            "ci95": [
              0.28931215725066883,
              0.42783564825145926
            ]
          },
          "random": {
            "k": 46,
            "n": 180,
            "rate": 0.25555555555555554,
            "ci95": [
              0.1974058134798577,
              0.3239212419852819
            ]
          }
        },
        "nonlinear:vieta": {
          "full": {
            "k": 175,
            "n": 180,
            "rate": 0.9722222222222222,
            "ci95": [
              0.936631043591737,
              0.9880780538051525
            ]
          },
          "control": {
            "k": 57,
            "n": 180,
            "rate": 0.31666666666666665,
            "ci95": [
              0.2531448976703366,
              0.3878503939285181
            ]
          },
          "random": {
            "k": 54,
            "n": 180,
            "rate": 0.3,
            "ci95": [
              0.23780396396426395,
              0.37055453596175936
            ]
          }
        }
      },
      "checkpoint": "checkpoints/repair_multiseed_nl/seed_11.pt",
      "last_history": {
        "epoch": 100,
        "loss": 1.3154932498931884,
        "full_val": 0.9666666666666667,
        "control_val": 0.30833333333333335
      }
    },
    {
      "train_seed": 29,
      "eval_seed": 49260851,
      "best_validation": {
        "full": 0.9916666666666667,
        "control": 0.3333333333333333
      },
      "full": {
        "k": 354,
        "n": 360,
        "rate": 0.9833333333333333,
        "ci95": [
          0.9641203655690618,
          0.9923398083088015
        ]
      },
      "control": {
        "k": 113,
        "n": 360,
        "rate": 0.3138888888888889,
        "ci95": [
          0.2681280980070354,
          0.36357976607447695
        ]
      },
      "random": {
        "k": 85,
        "n": 360,
        "rate": 0.2361111111111111,
        "ci95": [
          0.19516966767684327,
          0.2826250649760475
        ]
      },
      "paired": {
        "full_gt_control": {
          "full_only_correct": 242,
          "baseline_only_correct": 1,
          "discordant": 243,
          "p_one_sided_exact": 1.726238824401342e-71
        },
        "full_gt_random": {
          "full_only_correct": 270,
          "baseline_only_correct": 1,
          "discordant": 271,
          "p_one_sided_exact": 7.168694601396756e-80
        }
      },
      "per_family": {
        "nonlinear:quad_link": {
          "full": {
            "k": 179,
            "n": 180,
            "rate": 0.9944444444444445,
            "ci95": [
              0.9692061604403328,
              0.9990186591869987
            ]
          },
          "control": {
            "k": 59,
            "n": 180,
            "rate": 0.3277777777777778,
            "ci95": [
              0.2634264423150192,
              0.39932671039905643
            ]
          },
          "random": {
            "k": 43,
            "n": 180,
            "rate": 0.2388888888888889,
            "ci95": [
              0.182465027117642,
              0.30622523667466617
            ]
          }
        },
        "nonlinear:vieta": {
          "full": {
            "k": 175,
            "n": 180,
            "rate": 0.9722222222222222,
            "ci95": [
              0.936631043591737,
              0.9880780538051525
            ]
          },
          "control": {
            "k": 54,
            "n": 180,
            "rate": 0.3,
            "ci95": [
              0.23780396396426395,
              0.37055453596175936
            ]
          },
          "random": {
            "k": 42,
            "n": 180,
            "rate": 0.23333333333333334,
            "ci95": [
              0.17751219946009705,
              0.30029913377460066
            ]
          }
        }
      },
      "checkpoint": "checkpoints/repair_multiseed_nl/seed_29.pt",
      "last_history": {
        "epoch": 100,
        "loss": 1.2742796123027802,
        "full_val": 0.975,
        "control_val": 0.31666666666666665
      }
    },
    {
      "train_seed": 47,
      "eval_seed": 67260905,
      "best_validation": {
        "full": 0.975,
        "control": 0.30833333333333335
      },
      "full": {
        "k": 356,
        "n": 360,
        "rate": 0.9888888888888889,
        "ci95": [
          0.9717830423066295,
          0.9956709266732783
        ]
      },
      "control": {
        "k": 110,
        "n": 360,
        "rate": 0.3055555555555556,
        "ci95": [
          0.2602311139770829,
          0.3549860574513629
        ]
      },
      "random": {
        "k": 99,
        "n": 360,
        "rate": 0.275,
        "ci95": [
          0.23143293652169727,
          0.32331836184550433
        ]
      },
      "paired": {
        "full_gt_control": {
          "full_only_correct": 247,
          "baseline_only_correct": 1,
          "discordant": 248,
          "p_one_sided_exact": 5.505039283759403e-73
        },
        "full_gt_random": {
          "full_only_correct": 258,
          "baseline_only_correct": 1,
          "discordant": 259,
          "p_one_sided_exact": 2.8067547804056945e-76
        }
      },
      "per_family": {
        "nonlinear:quad_link": {
          "full": {
            "k": 178,
            "n": 180,
            "rate": 0.9888888888888889,
            "ci95": [
              0.9603981999780283,
              0.9969476890916927
            ]
          },
          "control": {
            "k": 59,
            "n": 180,
            "rate": 0.3277777777777778,
            "ci95": [
              0.2634264423150192,
              0.39932671039905643
            ]
          },