{
  "status": "ok",
  "data_version": 6,
  "protocol": "shared certified instances; independent initialization and training-order seeds; Wilson CIs within run cover instance variance",
  "config": {
    "data": "nonlinear",
    "exclude_family": [],
    "n_train": 320,
    "n_val": 120,
    "n_test": 360,
    "epochs": 100,
    "batch_size": 16,
    "K": 4,
    "D": 96,
    "L": 3,
    "lr": 0.0008,
    "data_seed": 20260722,
    "train_seeds": "11,29,47",
    "device": "cpu",
    "out": "results/p_repair/nonlinear_multiseed.json",
    "ckpt_dir": "checkpoints/repair_multiseed_nonlinear"
  },
  "runs": [
    {
      "train_seed": 11,
      "best_validation": {
        "full": 0.9083333333333333,
        "control": 0.43333333333333335
      },
      "full": {
        "k": 320,
        "n": 360,
        "rate": 0.8888888888888888,
        "ci95": [
          0.8522302756638112,
          0.9173353814792973
        ]
      },
      "control": {
        "k": 152,
        "n": 360,
        "rate": 0.4222222222222222,
        "ci95": [
          0.37228506016009993,
          0.47380180841127834
        ]
      },
      "random": {
        "k": 91,
        "n": 360,
        "rate": 0.25277777777777777,
        "ci95": [
          0.21065435521338757,
          0.30012176274563634
        ]
      },
      "paired": {
        "full_gt_control": {
          "full_only_correct": 176,
          "baseline_only_correct": 8,
          "discordant": 184,
          "p_one_sided_exact": 1.192503756445059e-42
        },
        "full_gt_random": {
          "full_only_correct": 242,
          "baseline_only_correct": 13,
          "discordant": 255,
          "p_one_sided_exact": 4.138017628574332e-56
        }
      },
      "per_family": {
        "nonlinear:quad_link": {
          "full": {
            "k": 171,
            "n": 180,
            "rate": 0.95,
            "ci95": [
              0.9077182120920645,
              0.9734751630743831
            ]
          },
          "control": {
            "k": 41,
            "n": 180,
            "rate": 0.22777777777777777,
            "ci95": [
              0.1725736294293337,
              0.2943587732477535
            ]
          },
          "random": {
            "k": 41,
            "n": 180,
            "rate": 0.22777777777777777,
            "ci95": [
              0.1725736294293337,
              0.2943587732477535
            ]
          }
        },
        "nonlinear:vieta": {
          "full": {
            "k": 149,
            "n": 180,
            "rate": 0.8277777777777777,
            "ci95": [
              0.7659200997039709,
              0.8759368031950464
            ]
          },
          "control": {
            "k": 111,
            "n": 180,
            "rate": 0.6166666666666667,
            "ci95": [
              0.5439039202563112,
              0.6845536214535086
            ]
          },
          "random": {
            "k": 50,
            "n": 180,
            "rate": 0.2777777777777778,
            "ci95": [
              0.21750827764196345,
              0.3473345000536181
            ]
          }
        }
      },
      "checkpoint": "checkpoints/repair_multiseed_nonlinear/seed_11.pt",
      "last_history": {
        "epoch": 100,
        "loss": 1.2898829460144043,
        "full_val": 0.9083333333333333,
        "control_val": 0.425
      }
    },
    {
      "train_seed": 29,
      "best_validation": {
        "full": 0.925,
        "control": 0.43333333333333335
      },
      "full": {
        "k": 315,
        "n": 360,
        "rate": 0.875,
        "ci95": [
          0.836827919877943,
          0.9052532495100544
        ]
      },
      "control": {
        "k": 153,
        "n": 360,
        "rate": 0.425,
        "ci95": [
          0.37498985501906934,
          0.47659391110333116
        ]
      },
      "random": {
        "k": 91,
        "n": 360,
        "rate": 0.25277777777777777,
        "ci95": [
          0.21065435521338757,
          0.30012176274563634
        ]
      },
      "paired": {
        "full_gt_control": {
          "full_only_correct": 173,
          "baseline_only_correct": 11,
          "discordant": 184,
          "p_one_sided_exact": 6.578653766830975e-39
        },
        "full_gt_random": {
          "full_only_correct": 234,
          "baseline_only_correct": 10,
          "discordant": 244,
          "p_one_sided_exact": 6.316231134892565e-57
        }
      },
      "per_family": {
        "nonlinear:quad_link": {
          "full": {
            "k": 171,
            "n": 180,
            "rate": 0.95,
            "ci95": [
              0.9077182120920645,
              0.9734751630743831
            ]
          },
          "control": {
            "k": 41,
            "n": 180,
            "rate": 0.22777777777777777,
            "ci95": [
              0.1725736294293337,
              0.2943587732477535
            ]
          },
          "random": {
            "k": 41,
            "n": 180,
            "rate": 0.22777777777777777,
            "ci95": [
              0.1725736294293337,
              0.2943587732477535
            ]
          }
        },
        "nonlinear:vieta": {
          "full": {
            "k": 144,
            "n": 180,
            "rate": 0.8,
            "ci95": [
              0.7355701522001451,
              0.8518920979108201
            ]
          },
          "control": {
            "k": 112,
            "n": 180,
            "rate": 0.6222222222222222,
            "ci95": [
              0.5495367065379416,
              0.6897997657294886
            ]
          },
          "random": {
            "k": 50,
            "n": 180,
            "rate": 0.2777777777777778,
            "ci95": [
              0.21750827764196345,
              0.3473345000536181
            ]
          }
        }
      },
      "checkpoint": "checkpoints/repair_multiseed_nonlinear/seed_29.pt",
      "last_history": {
        "epoch": 100,
        "loss": 1.269706553220749,
        "full_val": 0.925,
        "control_val": 0.38333333333333336
      }
    },
    {
      "train_seed": 47,
      "best_validation": {
        "full": 0.925,
        "control": 0.43333333333333335
      },
      "full": {
        "k": 317,
        "n": 360,
        "rate": 0.8805555555555555,
        "ci95": [
          0.8429718004230137,
          0.9101031640670282
        ]
      },
      "control": {
        "k": 145,
        "n": 360,
        "rate": 0.4027777777777778,
        "ci95": [
          0.35339731060215474,
          0.45421127511206816
        ]
      },
      "random": {
        "k": 91,
        "n": 360,
        "rate": 0.25277777777777777,
        "ci95": [
          0.21065435521338757,
          0.30012176274563634
        ]
      },
      "paired": {
        "full_gt_control": {
          "full_only_correct": 179,
          "baseline_only_correct": 7,
          "discordant": 186,
          "p_one_sided_exact": 1.4457363889118744e-44
        },
        "full_gt_random": {
          "full_only_correct": 237,
          "baseline_only_correct": 11,
          "discordant": 248,
          "p_one_sided_exact": 1.0118712637592322e-56
        }
      },
      "per_family": {
        "nonlinear:quad_link": {
          "full": {
            "k": 171,
            "n": 180,
            "rate": 0.95,
            "ci95": [
              0.9077182120920645,
              0.9734751630743831
            ]
          },
          "control": {
            "k": 40,
            "n": 180,
            "rate": 0.2222222222222222,
            "ci95": [
              0.16764967187317115,
              0.28840380024630563
            ]
          },
          "random": {
            "k": 41,
            "n": 180,
            "rate": 0.22777777777777777,
            "ci95": [
              0.1725736294293337,
              0.2943587732477535
            ]
          }
        },