{
  "K": 8,
  "test_per_n": 60,
  "epochs": 250,
  "rows": [
    {
      "n": 2,
      "langevin": {
        "rate": 0.16666666666666666,
        "ci95": [
          0.09313077201321032,
          0.28031851497207827
        ]
      },
      "random": {
        "rate": 0.48333333333333334,
        "ci95": [
          0.3617484128577001,
          0.6069240514915643
        ]
      },
      "lm": {
        "k": 46,
        "n": 60,
        "rate": 0.7666666666666667,
        "ci95": [
          0.6456348865960799,
          0.8556056838156894
        ]
      },
      "learned": {
        "k": 14,
        "n": 60,
        "rate": 0.23333333333333334,
        "ci95": [
          0.1443943161843107,
          0.3543651134039202
        ]
      },
      "p_learned_gt_random": 0.9978524390699964,
      "p_learned_gt_lm": 0.9999999974268937
    },
    {
      "n": 3,
      "langevin": {
        "rate": 0.1,
        "ci95": [
          0.04664219945723587,
          0.20149694492511044
        ]
      },
      "random": {
        "rate": 0.6,
        "ci95": [
          0.47365824394206846,
          0.714306969962345
        ]
      },
      "lm": {
        "k": 57,
        "n": 60,
        "rate": 0.95,
        "ci95": [
          0.8629926537490016,
          0.9828508088208587
        ]
      },
      "learned": {
        "k": 32,
        "n": 60,
        "rate": 0.5333333333333333,
        "ci95": [
          0.40893208671135106,
          0.65372298459012
        ]
      },
      "p_learned_gt_random": 0.7694011582542107,
      "p_learned_gt_lm": 0.99999990749701
    },
    {
      "n": 4,
      "langevin": {
        "rate": 0.05,
        "ci95": [
          0.01714919117914121,
          0.13700734625099836
        ]
      },
      "random": {
        "rate": 0.5166666666666667,
        "ci95": [
          0.39307594850843575,
          0.6382515871422999
        ]
      },
      "lm": {
        "k": 59,
        "n": 60,
        "rate": 0.9833333333333333,
        "ci95": [
          0.9114466177322051,
          0.9970519161391262
        ]
      },
      "learned": {
        "k": 31,
        "n": 60,
        "rate": 0.5166666666666667,
        "ci95": [
          0.39307594850843575,
          0.6382515871422999
        ]
      },
      "p_learned_gt_random": 0.5,
      "p_learned_gt_lm": 0.9999999982143642
    },
    {
      "n": 6,
      "langevin": {
        "rate": 0.0,
        "ci95": [
          0.0,
          0.06017393047793289
        ]
      },
      "random": {
        "rate": 0.36666666666666664,
        "ci95": [
          0.2562073884620827,
          0.4931723263320327
        ]
      },
      "lm": {
        "k": 60,
        "n": 60,
        "rate": 1.0,
        "ci95": [
          0.9398260695220669,
          0.9999999999999999
        ]
      },
      "learned": {
        "k": 20,
        "n": 60,
        "rate": 0.3333333333333333,
        "ci95": [
          0.2272909421592783,
          0.459433701333366
        ]
      },
      "p_learned_gt_random": 0.6490583691273086,
      "p_learned_gt_lm": 0.9999999999999952
    },
    {
      "n": 8,
      "langevin": {
        "rate": 0.0,
        "ci95": [
          0.0,
          0.06017393047793289
        ]
      },
      "random": {
        "rate": 0.4666666666666667,
        "ci95": [
          0.34627701540988,
          0.5910679132886489
        ]
      },
      "lm": {
        "k": 60,
        "n": 60,
        "rate": 1.0,
        "ci95": [
          0.9398260695220669,
          0.9999999999999999
        ]
      },
      "learned": {
        "k": 29,
        "n": 60,
        "rate": 0.48333333333333334,
        "ci95": [
          0.3617484128577001,
          0.6069240514915643
        ]
      },
      "p_learned_gt_random": 0.42747636307648057,
      "p_learned_gt_lm": 0.9999999999493902
    }
  ]
}