{
  "K": 8,
  "test_per_n": 40,
  "epochs": 200,
  "seeds": 1,
  "families": {
    "baseline": [
      {
        "n": 1,
        "random_restart": {
          "k": 40,
          "n": 40,
          "rate": 1.0,
          "ci95": [
            0.9123754607496077,
            1.0
          ]
        },
        "lm": {
          "k": 33,
          "n": 40,
          "rate": 0.825,
          "ci95": [
            0.6804970794560755,
            0.9125469700311694
          ]
        },
        "learned_x0": {
          "k": 38,
          "n": 40,
          "rate": 0.95,
          "ci95": [
            0.834958291820748,
            0.9861796228538989
          ]
        },
        "p_learned_gt_random": 0.9239609596035125,
        "p_learned_gt_lm": 0.038434452757844774
      },
      {
        "n": 2,
        "random_restart": {
          "k": 29,
          "n": 40,
          "rate": 0.725,
          "ci95": [
            0.5716474916687543,
            0.8389214656685692
          ]
        },
        "lm": {
          "k": 23,
          "n": 40,
          "rate": 0.575,
          "ci95": [
            0.42194800436059987,
            0.7149083147518411
          ]
        },
        "learned_x0": {
          "k": 40,
          "n": 40,
          "rate": 1.0,
          "ci95": [
            0.9123754607496077,
            1.0
          ]
        },
        "p_learned_gt_random": 0.00017766010129298873,
        "p_learned_gt_lm": 1.6904140620773194e-06
      },
      {
        "n": 3,
        "random_restart": {
          "k": 3,
          "n": 40,
          "rate": 0.075,
          "ci95": [
            0.025835556771858226,
            0.19864530159097524
          ]
        },
        "lm": {
          "k": 8,
          "n": 40,
          "rate": 0.2,
          "ci95": [
            0.10499864973166874,
            0.34757607381856676
          ]
        },
        "learned_x0": {
          "k": 40,
          "n": 40,
          "rate": 1.0,
          "ci95": [
            0.9123754607496077,
            1.0
          ]
        },
        "p_learned_gt_random": 5.346795473916867e-17,
        "p_learned_gt_lm": 1.4074466708751932e-13
      },
      {
        "n": 4,
        "random_restart": {
          "k": 0,
          "n": 40,
          "rate": 0.0,
          "ci95": [
            0.0,
            0.08762453925039232
          ]
        },
        "lm": {
          "k": 4,
          "n": 40,
          "rate": 0.1,
          "ci95": [
            0.03957888759557486,
            0.23052074380473897
          ]
        },
        "learned_x0": {
          "k": 40,
          "n": 40,
          "rate": 1.0,
          "ci95": [
            0.9123754607496077,
            1.0
          ]
        },
        "p_learned_gt_random": 1.8720486921014617e-19,
        "p_learned_gt_lm": 2.9734956639093357e-16
      },
      {
        "n": 6,
        "random_restart": {
          "k": 0,
          "n": 40,
          "rate": 0.0,
          "ci95": [
            0.0,
            0.08762453925039232
          ]
        },
        "lm": {
          "k": 0,
          "n": 40,
          "rate": 0.0,
          "ci95": [
            0.0,
            0.08762453925039232
          ]
        },
        "learned_x0": {
          "k": 40,
          "n": 40,
          "rate": 1.0,
          "ci95": [
            0.9123754607496077,
            1.0
          ]
        },
        "p_learned_gt_random": 1.8720486921014617e-19,
        "p_learned_gt_lm": 1.8720486921014617e-19
      }
    ],
    "double_well": [
      {
        "n": 1,
        "random_restart": {
          "k": 17,
          "n": 40,
          "rate": 0.425,
          "ci95": [
            0.28509168524815875,
            0.5780519956394001
          ]
        },
        "lm": {
          "k": 29,
          "n": 40,
          "rate": 0.725,
          "ci95": [
            0.5716474916687543,
            0.8389214656685692
          ]
        },
        "learned_x0": {
          "k": 12,
          "n": 40,
          "rate": 0.3,
          "ci95": [
            0.18074670915695296,
            0.454303106543204
          ]
        },
        "p_learned_gt_random": 0.8775587356022875,
        "p_learned_gt_lm": 0.9999283795321224
      },
      {
        "n": 2,
        "random_restart": {
          "k": 0,
          "n": 40,
          "rate": 0.0,
          "ci95": [
            0.0,
            0.08762453925039232
          ]
        },
        "lm": {
          "k": 21,
          "n": 40,
          "rate": 0.525,
          "ci95": [
            0.37497106853929735,
            0.6706477044981831
          ]
        },
        "learned_x0": {
          "k": 2,
          "n": 40,
          "rate": 0.05,
          "ci95": [
            0.013820377146101098,
            0.165041708179252
          ]
        },
        "p_learned_gt_random": 0.07603904039648758,
        "p_learned_gt_lm": 0.9999986571803099
      },
      {
        "n": 3,
        "random_restart": {
          "k": 0,
          "n": 40,
          "rate": 0.0,
          "ci95": [
            0.0,
            0.08762453925039232
          ]
        },
        "lm": {
          "k": 5,
          "n": 40,
          "rate": 0.125,
          "ci95": [
            0.05459419773541284,
            0.26112420670238146
          ]
        },
        "learned_x0": {
          "k": 0,
          "n": 40,
          "rate": 0.0,
          "ci95": [
            0.0,
            0.08762453925039232
          ]
        },
        "p_learned_gt_random": 0.5,
        "p_learned_gt_lm": 0.989539332331103
      },
      {
        "n": 4,
        "random_restart": {
          "k": 0,
          "n": 40,
          "rate": 0.0,
          "ci95": [
            0.0,
            0.08762453925039232
          ]
        },
        "lm": {
          "k": 0,
          "n": 40,
          "rate": 0.0,
          "ci95": [
            0.0,
            0.08762453925039232
          ]
        },
        "learned_x0": {
          "k": 0,
          "n": 40,
          "rate": 0.0,
          "ci95": [
            0.0,
            0.08762453925039232
          ]
        },
        "p_learned_gt_random": 0.5,
        "p_learned_gt_lm": 0.5
      },
      {
        "n": 6,
        "random_restart": {
          "k": 0,
          "n": 40,
          "rate": 0.0,
          "ci95": [
            0.0,
            0.08762453925039232
          ]
        },
        "lm": {
          "k": 0,
          "n": 40,
          "rate": 0.0,
          "ci95": [
            0.0,
            0.08762453925039232
          ]
        },
        "learned_x0": {
          "k": 1,
          "n": 40,
          "rate": 0.025,
          "ci95": [
            0.0044267174077949195,
            0.1288165948800778
          ]
        },
        "p_learned_gt_random": 0.15713342553870102,
        "p_learned_gt_lm": 0.15713342553870102
      }
    ],
    "wide_roots": [
      {
        "n": 1,
        "random_restart": {
          "k": 28,
          "n": 40,
          "rate": 0.7,
          "ci95": [
            0.545696893456796,
            0.8192532908430471
          ]
        },
        "lm": {
          "k": 23,
          "n": 40,
          "rate": 0.575,
          "ci95": [
            0.42194800436059987,
            0.7149083147518411
          ]
        },
        "learned_x0": {
          "k": 28,
          "n": 40,
          "rate": 0.7,
          "ci95": [
            0.545696893456796,
            0.8192532908430471
          ]
        },
        "p_learned_gt_random": 0.5,
        "p_learned_gt_lm": 0.12244126439771252
      },
      {
        "n": 2,
        "random_restart": {
          "k": 10,
          "n": 40,
          "rate": 0.25,
          "ci95": [
            0.14186967895549518,
            0.40194259066970106
          ]
        },
        "lm": {
          "k": 17,
          "n": 40,
          "rate": 0.425,