{
  "K": 8,
  "test_per_n": 40,
  "epochs": 200,
  "seeds": 3,
  "learned_mode": "selftrain",
  "ckpt": null,
  "methodology": "unified-v2",
  "note": "unified-v2: solver and acceptance unified with run_hard_eval/run_coupled_eval (shared marc.refine.iterative.refine + Checker gate). Numbers are NOT comparable to pre-change R6 rows, which used a bespoke line-search descent and solution-space acceptance |x_i - R_i| < 0.05.",
  "rows": [
    {
      "n": 1,
      "deterministic": {
        "k": 0,
        "n": 120,
        "rate": 0.0,
        "ci95": [
          0.0,
          0.031020271055929513
        ],
        "seed_rates": [
          0.0,
          0.0,
          0.0
        ],
        "seed_mean": 0.0,
        "seed_std": 0.0
      },
      "langevin": {
        "k": 91,
        "n": 120,
        "rate": 0.7583333333333333,
        "ci95": [
          0.6744968590361364,
          0.8261426675849666
        ],
        "seed_rates": [
          0.775,
          0.8,
          0.7
        ],
        "seed_mean": 0.7583333333333333,
        "seed_std": 0.052041649986653366
      },
      "mean_prior": {
        "k": 0,
        "n": 120,
        "rate": 0.0,
        "ci95": [
          0.0,
          0.031020271055929513
        ],
        "seed_rates": [
          0.0,
          0.0,
          0.0
        ],
        "seed_mean": 0.0,
        "seed_std": 0.0
      },
      "random_restart": {
        "k": 120,
        "n": 120,
        "rate": 1.0,
        "ci95": [
          0.9689797289440706,
          1.0
        ],
        "seed_rates": [
          1.0,
          1.0,
          1.0
        ],
        "seed_mean": 1.0,
        "seed_std": 0.0
      },
      "learned_x0": {
        "k": 103,
        "n": 120,
        "rate": 0.8583333333333333,
        "ci95": [
          0.7848035127258367,
          0.9096319596840804
        ],
        "seed_rates": [
          0.95,
          0.875,
          0.75
        ],
        "seed_mean": 0.8583333333333333,
        "seed_std": 0.10103629710818449
      },
      "p_learned_gt_random": 0.9999905446309724,
      "p_learned_gt_langevin": 0.024538713747855642
    },
    {
      "n": 2,
      "deterministic": {
        "k": 0,
        "n": 120,
        "rate": 0.0,
        "ci95": [
          0.0,
          0.031020271055929513
        ],
        "seed_rates": [
          0.0,
          0.0,
          0.0
        ],
        "seed_mean": 0.0,
        "seed_std": 0.0
      },
      "langevin": {
        "k": 32,
        "n": 120,
        "rate": 0.26666666666666666,
        "ci95": [
          0.1956834035411147,
          0.35212605628498583
        ],
        "seed_rates": [
          0.225,
          0.35,
          0.225
        ],
        "seed_mean": 0.26666666666666666,
        "seed_std": 0.0721687836487032
      },
      "mean_prior": {
        "k": 0,
        "n": 120,
        "rate": 0.0,
        "ci95": [
          0.0,
          0.031020271055929513
        ],
        "seed_rates": [
          0.0,
          0.0,
          0.0
        ],
        "seed_mean": 0.0,
        "seed_std": 0.0
      },
      "random_restart": {
        "k": 61,
        "n": 120,
        "rate": 0.5083333333333333,
        "ci95": [
          0.4200238208480169,
          0.5961258413010508
        ],
        "seed_rates": [
          0.725,
          0.375,
          0.425
        ],
        "seed_mean": 0.5083333333333333,
        "seed_std": 0.18929694486000911
      },
      "learned_x0": {
        "k": 102,
        "n": 120,
        "rate": 0.85,
        "ci95": [
          0.7753231505975375,
          0.9029626596633118
        ],
        "seed_rates": [
          0.95,
          0.625,
          0.975
        ],
        "seed_mean": 0.85,
        "seed_std": 0.19525624189766635
      },
      "p_learned_gt_random": 7.1577134638752235e-09,
      "p_learned_gt_langevin": 4.554268261251683e-20
    },
    {
      "n": 3,
      "deterministic": {
        "k": 0,
        "n": 120,
        "rate": 0.0,
        "ci95": [
          0.0,
          0.031020271055929513
        ],
        "seed_rates": [
          0.0,
          0.0,
          0.0
        ],
        "seed_mean": 0.0,
        "seed_std": 0.0
      },
      "langevin": {
        "k": 1,
        "n": 120,
        "rate": 0.008333333333333333,
        "ci95": [
          0.001472517830674952,
          0.045697415374322405
        ],
        "seed_rates": [
          0.0,
          0.025,
          0.0
        ],
        "seed_mean": 0.008333333333333333,
        "seed_std": 0.014433756729740645
      },
      "mean_prior": {
        "k": 0,
        "n": 120,
        "rate": 0.0,
        "ci95": [
          0.0,
          0.031020271055929513
        ],
        "seed_rates": [
          0.0,
          0.0,
          0.0
        ],
        "seed_mean": 0.0,
        "seed_std": 0.0
      },
      "random_restart": {
        "k": 8,
        "n": 120,
        "rate": 0.06666666666666667,
        "ci95": [
          0.03416489747129058,
          0.12605267077718166
        ],
        "seed_rates": [
          0.075,
          0.025,
          0.1
        ],
        "seed_mean": 0.06666666666666667,
        "seed_std": 0.038188130791298666
      },
      "learned_x0": {
        "k": 96,
        "n": 120,
        "rate": 0.8,
        "ci95": [
          0.7196316465662729,
          0.8617561908001696
        ],
        "seed_rates": [
          0.975,
          0.9,
          0.525
        ],
        "seed_mean": 0.8,
        "seed_std": 0.24109126902482386
      },
      "p_learned_gt_random": 1.0107097860892741e-30,
      "p_learned_gt_langevin": 3.919010156339237e-36
    },
    {
      "n": 4,
      "deterministic": {
        "k": 0,
        "n": 120,
        "rate": 0.0,
        "ci95": [
          0.0,
          0.031020271055929513
        ],
        "seed_rates": [
          0.0,
          0.0,
          0.0
        ],
        "seed_mean": 0.0,
        "seed_std": 0.0
      },
      "langevin": {
        "k": 0,
        "n": 120,
        "rate": 0.0,
        "ci95": [
          0.0,
          0.031020271055929513
        ],
        "seed_rates": [
          0.0,
          0.0,
          0.0
        ],
        "seed_mean": 0.0,
        "seed_std": 0.0
      },
      "mean_prior": {
        "k": 0,
        "n": 120,
        "rate": 0.0,
        "ci95": [
          0.0,
          0.031020271055929513
        ],
        "seed_rates": [
          0.0,
          0.0,
          0.0
        ],
        "seed_mean": 0.0,
        "seed_std": 0.0
      },
      "random_restart": {
        "k": 2,
        "n": 120,
        "rate": 0.016666666666666666,
        "ci95": [
          0.004582468541151394,
          0.058737126812913806
        ],
        "seed_rates": [
          0.0,
          0.0,
          0.05
        ],
        "seed_mean": 0.016666666666666666,
        "seed_std": 0.02886751345948129
      },
      "learned_x0": {
        "k": 79,
        "n": 120,
        "rate": 0.6583333333333333,
        "ci95": [
          0.5697466444292892,
          0.7370969364029997
        ],
        "seed_rates": [
          0.925,
          0.1,
          0.95
        ],
        "seed_mean": 0.6583333333333333,
        "seed_std": 0.4836923953643817
      },
      "p_learned_gt_random": 3.8326309725122354e-26,
      "p_learned_gt_langevin": 9.764924837483289e-28
    },
    {
      "n": 6,
      "deterministic": {
        "k": 0,
        "n": 120,
        "rate": 0.0,
        "ci95": [
          0.0,
          0.031020271055929513
        ],
        "seed_rates": [
          0.0,
          0.0,
          0.0
        ],
        "seed_mean": 0.0,
        "seed_std": 0.0
      },
      "langevin": {
        "k": 0,
        "n": 120,
        "rate": 0.0,
        "ci95": [
          0.0,
          0.031020271055929513
        ],
        "seed_rates": [
          0.0,
          0.0,
          0.0
        ],
        "seed_mean": 0.0,
        "seed_std": 0.0
      },