{
  "K": 8,
  "test_per_n": 40,
  "epochs": 200,
  "seeds": 3,
  "learned_mode": "selftrain",
  "ckpt": null,
  "methodology": "unified-v2",
  "note": "unified-v2: solver and acceptance unified with run_hard_eval/run_coupled_eval (shared marc.refine.iterative.refine + Checker gate). Numbers are NOT comparable to pre-change R6 rows, which used a bespoke line-search descent and solution-space acceptance |x_i - R_i| < 0.05.",
  "rows": [
    {
      "n": 1,
      "deterministic": {
        "k": 0,
        "n": 120,
        "rate": 0.0,
        "ci95": [
          0.0,
          0.031020271055929513
        ],
        "seed_rates": [
          0.0,
          0.0,
          0.0
        ],
        "seed_mean": 0.0,
        "seed_std": 0.0
      },
      "langevin": {
        "k": 91,
        "n": 120,
        "rate": 0.7583333333333333,
        "ci95": [
          0.6744968590361364,
          0.8261426675849666
        ],
        "seed_rates": [
          0.775,
          0.8,
          0.7
        ],
        "seed_mean": 0.7583333333333333,
        "seed_std": 0.052041649986653366
      },
      "mean_prior": {
        "k": 0,
        "n": 120,
        "rate": 0.0,
        "ci95": [
          0.0,
          0.031020271055929513
        ],
        "seed_rates": [
          0.0,
          0.0,
          0.0
        ],
        "seed_mean": 0.0,
        "seed_std": 0.0
      },
      "random_restart": {
        "k": 120,
        "n": 120,
        "rate": 1.0,
        "ci95": [
          0.9689797289440706,
          1.0
        ],
        "seed_rates": [
          1.0,
          1.0,
          1.0
        ],
        "seed_mean": 1.0,
        "seed_std": 0.0
      },
      "learned_x0": {
        "k": 104,
        "n": 120,
        "rate": 0.8666666666666667,
        "ci95": [
          0.7943505063345165,
          0.9162346282244686
        ],
        "seed_rates": [
          1.0,
          0.875,
          0.725
        ],
        "seed_mean": 0.8666666666666667,
        "seed_std": 0.13768926368215256
      },
      "p_learned_gt_random": 0.9999826644615637,
      "p_learned_gt_langevin": 0.01578016251915802
    },
    {
      "n": 2,
      "deterministic": {
        "k": 0,
        "n": 120,
        "rate": 0.0,
        "ci95": [
          0.0,
          0.031020271055929513
        ],
        "seed_rates": [
          0.0,
          0.0,
          0.0
        ],
        "seed_mean": 0.0,
        "seed_std": 0.0
      },
      "langevin": {
        "k": 32,
        "n": 120,
        "rate": 0.26666666666666666,
        "ci95": [
          0.1956834035411147,
          0.35212605628498583
        ],
        "seed_rates": [
          0.225,
          0.35,
          0.225
        ],
        "seed_mean": 0.26666666666666666,
        "seed_std": 0.0721687836487032
      },
      "mean_prior": {
        "k": 0,
        "n": 120,
        "rate": 0.0,
        "ci95": [
          0.0,
          0.031020271055929513
        ],
        "seed_rates": [
          0.0,
          0.0,
          0.0
        ],
        "seed_mean": 0.0,
        "seed_std": 0.0
      },
      "random_restart": {
        "k": 61,
        "n": 120,
        "rate": 0.5083333333333333,
        "ci95": [
          0.4200238208480169,
          0.5961258413010508
        ],
        "seed_rates": [
          0.725,
          0.375,
          0.425
        ],
        "seed_mean": 0.5083333333333333,
        "seed_std": 0.18929694486000911
      },
      "learned_x0": {
        "k": 98,
        "n": 120,
        "rate": 0.8166666666666667,
        "ci95": [
          0.7379892641067634,
          0.8756978975578147
        ],
        "seed_rates": [
          0.95,
          0.95,
          0.55
        ],
        "seed_mean": 0.8166666666666667,
        "seed_std": 0.23094010767585024
      },
      "p_learned_gt_random": 2.1990005489308985e-07,
      "p_learned_gt_langevin": 6.138256080808066e-18
    },
    {
      "n": 3,
      "deterministic": {
        "k": 0,
        "n": 120,
        "rate": 0.0,
        "ci95": [
          0.0,
          0.031020271055929513
        ],
        "seed_rates": [
          0.0,
          0.0,
          0.0
        ],
        "seed_mean": 0.0,
        "seed_std": 0.0
      },
      "langevin": {
        "k": 1,
        "n": 120,
        "rate": 0.008333333333333333,
        "ci95": [
          0.001472517830674952,
          0.045697415374322405
        ],
        "seed_rates": [
          0.0,
          0.025,
          0.0
        ],
        "seed_mean": 0.008333333333333333,
        "seed_std": 0.014433756729740645
      },
      "mean_prior": {
        "k": 0,
        "n": 120,
        "rate": 0.0,
        "ci95": [
          0.0,
          0.031020271055929513
        ],
        "seed_rates": [
          0.0,
          0.0,
          0.0
        ],
        "seed_mean": 0.0,
        "seed_std": 0.0
      },
      "random_restart": {
        "k": 8,
        "n": 120,
        "rate": 0.06666666666666667,
        "ci95": [
          0.03416489747129058,
          0.12605267077718166
        ],
        "seed_rates": [
          0.075,
          0.025,
          0.1
        ],
        "seed_mean": 0.06666666666666667,
        "seed_std": 0.038188130791298666
      },
      "learned_x0": {
        "k": 104,
        "n": 120,
        "rate": 0.8666666666666667,
        "ci95": [
          0.7943505063345165,
          0.9162346282244686
        ],
        "seed_rates": [
          0.75,
          0.875,
          0.975
        ],
        "seed_mean": 0.8666666666666667,
        "seed_std": 0.11273124382057234
      },
      "p_learned_gt_random": 1.0029040331424161e-35,
      "p_learned_gt_langevin": 2.9284914069767055e-41
    },
    {
      "n": 4,
      "deterministic": {
        "k": 0,
        "n": 120,
        "rate": 0.0,
        "ci95": [
          0.0,
          0.031020271055929513
        ],
        "seed_rates": [
          0.0,
          0.0,
          0.0
        ],
        "seed_mean": 0.0,
        "seed_std": 0.0
      },
      "langevin": {
        "k": 0,
        "n": 120,
        "rate": 0.0,
        "ci95": [
          0.0,
          0.031020271055929513
        ],
        "seed_rates": [
          0.0,
          0.0,
          0.0
        ],
        "seed_mean": 0.0,
        "seed_std": 0.0
      },
      "mean_prior": {
        "k": 0,
        "n": 120,
        "rate": 0.0,
        "ci95": [
          0.0,
          0.031020271055929513
        ],
        "seed_rates": [
          0.0,
          0.0,
          0.0
        ],
        "seed_mean": 0.0,
        "seed_std": 0.0
      },
      "random_restart": {
        "k": 2,
        "n": 120,
        "rate": 0.016666666666666666,
        "ci95": [
          0.004582468541151394,
          0.058737126812913806
        ],
        "seed_rates": [
          0.0,
          0.0,
          0.05
        ],
        "seed_mean": 0.016666666666666666,
        "seed_std": 0.02886751345948129
      },
      "learned_x0": {
        "k": 112,
        "n": 120,
        "rate": 0.9333333333333333,
        "ci95": [
          0.8739473292228184,
          0.9658351025287095
        ],
        "seed_rates": [
          0.95,
          0.9,
          0.95
        ],
        "seed_mean": 0.9333333333333333,
        "seed_std": 0.02886751345948125
      },
      "p_learned_gt_random": 3.5060185644424464e-46,
      "p_learned_gt_langevin": 6.868087350705885e-48
    },
    {
      "n": 6,
      "deterministic": {
        "k": 0,
        "n": 120,
        "rate": 0.0,
        "ci95": [
          0.0,
          0.031020271055929513
        ],
        "seed_rates": [
          0.0,
          0.0,
          0.0
        ],
        "seed_mean": 0.0,
        "seed_std": 0.0
      },
      "langevin": {
        "k": 0,
        "n": 120,
        "rate": 0.0,
        "ci95": [
          0.0,
          0.031020271055929513
        ],
        "seed_rates": [
          0.0,
          0.0,
          0.0
        ],