{
  "status": "ok",
  "config": {
    "ckpt": "checkpoints/structure_policy.pt",
    "n": 100,
    "k_refine": 4,
    "data": "aux_required",
    "K": 4,
    "T": 20,
    "eval_seeds": [
      900000,
      901000,
      902000,
      903000,
      904000
    ],
    "seed_base": 900000,
    "families": null,
    "solver": {
      "name": "lm",
      "k_refine": 4
    },
    "data_version": {
      "eval": 2,
      "ckpt": 2,
      "match": true
    }
  },
  "seed_hygiene": {
    "eval_seed_ranges": [
      [
        900000,
        900100
      ],
      [
        901000,
        901100
      ],
      [
        902000,
        902100
      ],
      [
        903000,
        903100
      ],
      [
        904000,
        904100
      ]
    ],
    "allow_seed_overlap": false,
    "checked": true,
    "source": "train_config.train_seed_range",
    "train_seed_range": [
      0,
      500
    ],
    "val_seed_range": [
      500000,
      500050
    ],
    "overlap_instances": 0,
    "offending": []
  },
  "positive_control_ok": true,
  "samplers": {
    "reverse": {
      "invention_rate": {
        "k": 182,
        "n": 500,
        "rate": 0.364,
        "ci95": [
          0.323010706915662,
          0.4070631893247437
        ]
      },
      "none_rate": {
        "k": 163,
        "n": 500,
        "rate": 0.326,
        "ci95": [
          0.2863746168691645,
          0.36827875037958996
        ]
      },
      "hard_negative_confusion": {
        "k": 100,
        "n": 318,
        "rate": 0.31446540880503143,
        "ci95": [
          0.26590504627052014,
          0.36745496685394863
        ]
      },
      "solve": {
        "fixed": {
          "k": 0,
          "n": 500,
          "rate": 0.0,
          "ci95": [
            0.0,
            0.007624618530903363
          ]
        },
        "policy": {
          "k": 182,
          "n": 500,
          "rate": 0.364,
          "ci95": [
            0.323010706915662,
            0.4070631893247437
          ]
        },
        "random_slot": {
          "k": 100,
          "n": 500,
          "rate": 0.2,
          "ci95": [
            0.16728494139259462,
            0.23728982972594745
          ]
        },
        "always_none": {
          "k": 0,
          "n": 500,
          "rate": 0.0,
          "ci95": [
            0.0,
            0.007624618530903363
          ]
        },
        "gold_oracle": {
          "k": 500,
          "n": 500,
          "rate": 1.0,
          "ci95": [
            0.9923753814690964,
            0.9999999999999999
          ]
        }
      },
      "comparisons": {
        "policy_vs_random": {
          "z": 5.762714129485294,
          "p": 4.138596348393079e-09
        },
        "policy_vs_fixed": {
          "z": 14.91622899832804,
          "p": 1.2923696190027195e-50
        }
      },
      "per_family": {
        "coupled": {
          "invention_rate": {
            "k": 88,
            "n": 165,
            "rate": 0.5333333333333333,
            "ci95": [
              0.4573189068484033,
              0.6078309140488163
            ]
          },
          "solve_policy": {
            "k": 88,
            "n": 165,
            "rate": 0.5333333333333333,
            "ci95": [
              0.4573189068484033,
              0.6078309140488163
            ]
          }
        },
        "offset": {
          "invention_rate": {
            "k": 71,
            "n": 170,
            "rate": 0.4176470588235294,
            "ci95": [
              0.3461319955680449,
              0.49280183845097
            ]
          },
          "solve_policy": {
            "k": 71,
            "n": 170,
            "rate": 0.4176470588235294,
            "ci95": [
              0.3461319955680449,
              0.49280183845097
            ]
          }
        },
        "shared": {
          "invention_rate": {
            "k": 23,
            "n": 165,
            "rate": 0.1393939393939394,
            "ci95": [
              0.09471387130261513,
              0.20048352080928142
            ]
          },
          "solve_policy": {
            "k": 23,
            "n": 165,
            "rate": 0.1393939393939394,
            "ci95": [
              0.09471387130261513,
              0.20048352080928142
            ]
          }
        }
      }
    },
    "single_shot": {
      "invention_rate": {
        "k": 205,
        "n": 500,
        "rate": 0.41,
        "ci95": [
          0.3677343110002554,
          0.4536381203353072
        ]
      },
      "none_rate": {
        "k": 111,
        "n": 500,
        "rate": 0.222,
        "ci95": [
          0.18776876356796052,
          0.2604705243352218
        ]
      },
      "hard_negative_confusion": {
        "k": 113,
        "n": 295,
        "rate": 0.38305084745762713,
        "ci95": [
          0.3294163614777304,
          0.43969208928682185
        ]
      },
      "solve": {
        "fixed": {
          "k": 0,
          "n": 500,
          "rate": 0.0,
          "ci95": [
            0.0,
            0.007624618530903363
          ]
        },
        "policy": {
          "k": 205,
          "n": 500,
          "rate": 0.41,
          "ci95": [
            0.3677343110002554,
            0.4536381203353072
          ]
        },
        "random_slot": {
          "k": 100,
          "n": 500,
          "rate": 0.2,
          "ci95": [
            0.16728494139259462,
            0.23728982972594745
          ]
        },
        "always_none": {
          "k": 0,
          "n": 500,
          "rate": 0.0,
          "ci95": [
            0.0,
            0.007624618530903363
          ]
        },
        "gold_oracle": {
          "k": 500,
          "n": 500,
          "rate": 1.0,
          "ci95": [
            0.9923753814690964,
            0.9999999999999999
          ]
        }
      },
      "comparisons": {
        "policy_vs_random": {
          "z": 7.211854847133608,
          "p": 2.759739719091739e-13
        },
        "policy_vs_fixed": {
          "z": 16.058070719115847,
          "p": 2.5096079054842487e-58
        }
      },
      "per_family": {
        "coupled": {
          "invention_rate": {
            "k": 98,
            "n": 165,
            "rate": 0.593939393939394,
            "ci95": [
              0.517694285116933,
              0.6659097555934133
            ]
          },
          "solve_policy": {
            "k": 98,
            "n": 165,
            "rate": 0.593939393939394,
            "ci95": [
              0.517694285116933,
              0.6659097555934133
            ]
          }
        },
        "offset": {
          "invention_rate": {
            "k": 73,
            "n": 170,
            "rate": 0.4294117647058823,
            "ci95": [
              0.35737209391871344,
              0.5045711923832993
            ]
          },
          "solve_policy": {
            "k": 73,
            "n": 170,
            "rate": 0.4294117647058823,
            "ci95": [
              0.35737209391871344,
              0.5045711923832993
            ]
          }
        },
        "shared": {
          "invention_rate": {
            "k": 34,
            "n": 165,
            "rate": 0.20606060606060606,
            "ci95": [
              0.15137214272779614,
              0.27412489117853966
            ]
          },
          "solve_policy": {
            "k": 34,
            "n": 165,
            "rate": 0.20606060606060606,
            "ci95": [
              0.15137214272779614,
              0.27412489117853966
            ]
          }
        }
      }
    }
  },
  "arms": {
    "enumeration": {
      "status": "ok",
      "solve": {
        "k": 500,
        "n": 500,
        "rate": 1.0,
        "ci95": [
          0.9923753814690964,
          0.9999999999999999
        ]
      },
      "first_accept_is_gold": {
        "k": 500,
        "n": 500,
        "rate": 1.0,