{
  "status": "ok",
  "config": {
    "ckpt": "checkpoints/structure_policy.pt",
    "n": 100,
    "k_refine": 4,
    "data": "aux_required",
    "K": 4,
    "T": 20,
    "eval_seeds": [
      900000,
      901000,
      902000,
      903000,
      904000
    ],
    "seed_base": 900000,
    "families": null,
    "solver": {
      "name": "refine",
      "k_refine": 4,
      "polish_steps": 4000
    },
    "data_version": {
      "eval": 2,
      "ckpt": 2,
      "match": true
    }
  },
  "seed_hygiene": {
    "eval_seed_ranges": [
      [
        900000,
        900100
      ],
      [
        901000,
        901100
      ],
      [
        902000,
        902100
      ],
      [
        903000,
        903100
      ],
      [
        904000,
        904100
      ]
    ],
    "allow_seed_overlap": false,
    "checked": true,
    "source": "train_config.train_seed_range",
    "train_seed_range": [
      0,
      500
    ],
    "val_seed_range": [
      500000,
      500050
    ],
    "overlap_instances": 0,
    "offending": []
  },
  "positive_control_ok": false,
  "samplers": {
    "reverse": {
      "invention_rate": {
        "k": 182,
        "n": 500,
        "rate": 0.364,
        "ci95": [
          0.323010706915662,
          0.4070631893247437
        ]
      },
      "none_rate": {
        "k": 163,
        "n": 500,
        "rate": 0.326,
        "ci95": [
          0.2863746168691645,
          0.36827875037958996
        ]
      },
      "hard_negative_confusion": {
        "k": 100,
        "n": 318,
        "rate": 0.31446540880503143,
        "ci95": [
          0.26590504627052014,
          0.36745496685394863
        ]
      },
      "solve": {
        "fixed": {
          "k": 0,
          "n": 500,
          "rate": 0.0,
          "ci95": [
            0.0,
            0.007624618530903363
          ]
        },
        "policy": {
          "k": 3,
          "n": 500,
          "rate": 0.006,
          "ci95": [
            0.002042559297638913,
            0.017490563810893606
          ]
        },
        "random_slot": {
          "k": 0,
          "n": 500,
          "rate": 0.0,
          "ci95": [
            0.0,
            0.007624618530903363
          ]
        },
        "always_none": {
          "k": 0,
          "n": 500,
          "rate": 0.0,
          "ci95": [
            0.0,
            0.007624618530903363
          ]
        },
        "gold_oracle": {
          "k": 12,
          "n": 500,
          "rate": 0.024,
          "ci95": [
            0.013781177149521824,
            0.04147745969189818
          ]
        }
      },
      "comparisons": {
        "policy_vs_random": {
          "z": 1.7346547441043507,
          "p": 0.041400988358992453
        },
        "policy_vs_fixed": {
          "z": 1.7346547441043507,
          "p": 0.041400988358992453
        }
      },
      "per_family": {
        "coupled": {
          "invention_rate": {
            "k": 88,
            "n": 165,
            "rate": 0.5333333333333333,
            "ci95": [
              0.4573189068484033,
              0.6078309140488163
            ]
          },
          "solve_policy": {
            "k": 0,
            "n": 165,
            "rate": 0.0,
            "ci95": [
              0.0,
              0.02275268654170536
            ]
          }
        },
        "offset": {
          "invention_rate": {
            "k": 71,
            "n": 170,
            "rate": 0.4176470588235294,
            "ci95": [
              0.3461319955680449,
              0.49280183845097
            ]
          },
          "solve_policy": {
            "k": 2,
            "n": 170,
            "rate": 0.011764705882352941,
            "ci95": [
              0.003232190436117468,
              0.04187553981947152
            ]
          }
        },
        "shared": {
          "invention_rate": {
            "k": 23,
            "n": 165,
            "rate": 0.1393939393939394,
            "ci95": [
              0.09471387130261513,
              0.20048352080928142
            ]
          },
          "solve_policy": {
            "k": 1,
            "n": 165,
            "rate": 0.006060606060606061,
            "ci95": [
              0.001070620565756266,
              0.03352748795726175
            ]
          }
        }
      }
    },
    "single_shot": {
      "invention_rate": {
        "k": 205,
        "n": 500,
        "rate": 0.41,
        "ci95": [
          0.3677343110002554,
          0.4536381203353072
        ]
      },
      "none_rate": {
        "k": 111,
        "n": 500,
        "rate": 0.222,
        "ci95": [
          0.18776876356796052,
          0.2604705243352218
        ]
      },
      "hard_negative_confusion": {
        "k": 113,
        "n": 295,
        "rate": 0.38305084745762713,
        "ci95": [
          0.3294163614777304,
          0.43969208928682185
        ]
      },
      "solve": {
        "fixed": {
          "k": 0,
          "n": 500,
          "rate": 0.0,
          "ci95": [
            0.0,
            0.007624618530903363
          ]
        },
        "policy": {
          "k": 4,
          "n": 500,
          "rate": 0.008,
          "ci95": [
            0.0031152647975077885,
            0.020387359836901122
          ]
        },
        "random_slot": {
          "k": 0,
          "n": 500,
          "rate": 0.0,
          "ci95": [
            0.0,
            0.007624618530903363
          ]
        },
        "always_none": {
          "k": 0,
          "n": 500,
          "rate": 0.0,
          "ci95": [
            0.0,
            0.007624618530903363
          ]
        },
        "gold_oracle": {
          "k": 12,
          "n": 500,
          "rate": 0.024,
          "ci95": [
            0.013781177149521824,
            0.04147745969189818
          ]
        }
      },
      "comparisons": {
        "policy_vs_random": {
          "z": 2.004012040140506,
          "p": 0.022534385344873904
        },
        "policy_vs_fixed": {
          "z": 2.004012040140506,
          "p": 0.022534385344873904
        }
      },
      "per_family": {
        "coupled": {
          "invention_rate": {
            "k": 98,
            "n": 165,
            "rate": 0.593939393939394,
            "ci95": [
              0.517694285116933,
              0.6659097555934133
            ]
          },
          "solve_policy": {
            "k": 0,
            "n": 165,
            "rate": 0.0,
            "ci95": [
              0.0,
              0.02275268654170536
            ]
          }
        },
        "offset": {
          "invention_rate": {
            "k": 73,
            "n": 170,
            "rate": 0.4294117647058823,
            "ci95": [
              0.35737209391871344,
              0.5045711923832993
            ]
          },
          "solve_policy": {
            "k": 2,
            "n": 170,
            "rate": 0.011764705882352941,
            "ci95": [
              0.003232190436117468,
              0.04187553981947152
            ]
          }
        },
        "shared": {
          "invention_rate": {
            "k": 34,
            "n": 165,
            "rate": 0.20606060606060606,
            "ci95": [
              0.15137214272779614,
              0.27412489117853966
            ]
          },
          "solve_policy": {
            "k": 2,
            "n": 165,
            "rate": 0.012121212121212121,
            "ci95": [
              0.0033303221439865346,
              0.043113208360344143
            ]
          }
        }
      }
    }
  },
  "arms": {
    "enumeration": {
      "status": "ok",
      "solve": {
        "k": 12,
        "n": 500,
        "rate": 0.024,
        "ci95": [
          0.013781177149521824,
          0.04147745969189818
        ]
      },
      "first_accept_is_gold": {
        "k": 12,
        "n": 12,
        "rate": 1.0,